county & state,2015 Total Population (Esri)
Clackamas Oregon,391877
Columbia Oregon,49300
Marion Oregon,326962
Multnomah Oregon,760589
Polk Oregon,75738
Washington Oregon,557422
Yamhill Oregon,101599
Hood River Oregon,23465
Baker Oregon,16403
Benton Oregon,87491
Clatsop Oregon,37427
Coos Oregon,62481
Crook Oregon,20937
Curry Oregon,21649
Deschutes Oregon,167932
Douglas Oregon,109300
Gilliam Oregon,1921
Grant Oregon,7484
Harney Oregon,7373
Jackson Oregon,209076
Jefferson Oregon,21744
Josephine Oregon,83966
Klamath Oregon,67124
Lake Oregon,7923
Lane Oregon,359332
Lincoln Oregon,46278
Linn Oregon,119690
Malheur Oregon,30967
Morrow Oregon,11749
Sherman Oregon,1757
Tillamook Oregon,24796
Umatilla Oregon,77773
Union Oregon,26285
Wallowa Oregon,7104
Wasco Oregon,25676
Wheeler Oregon,1436
Tallapoosa Alabama,42267
Randolph Alabama,22899
Wilcox Alabama,11741
Autauga Alabama,55734
Coosa Alabama,10858
Clay Alabama,14134
Walker Alabama,67245
Bibb Alabama,23107
Pickens Alabama,21382
Escambia Alabama,38792
Dallas Alabama,42734
Butler Alabama,20804
Coffee Alabama,52466
Talladega Alabama,84924
Jefferson Alabama,668509
St. Clair Alabama,84053
Houston Alabama,104230
Barbour Alabama,27600
Russell Alabama,58365
Blount Alabama,57736
Dale Alabama,50911
Choctaw Alabama,13741
Calhoun Alabama,117518
Chilton Alabama,45232
Montgomery Alabama,232305
Etowah Alabama,103718
Winston Alabama,24576
Monroe Alabama,22776
Crenshaw Alabama,14303
Cullman Alabama,82137
Macon Alabama,20752
Lee Alabama,159932
Washington Alabama,18628
Pike Alabama,33488
Elmore Alabama,82767
Conecuh Alabama,13131
Bullock Alabama,10880
Perry Alabama,10103
Marion Alabama,30970
Covington Alabama,38396
Fayette Alabama,17202
Geneva Alabama,27090
Tuscaloosa Alabama,205380
Greene Alabama,8895
Lamar Alabama,14467
Lowndes Alabama,11067
Chambers Alabama,33354
Cleburne Alabama,15132
Clarke Alabama,25693
Hale Alabama,15561
Mobile Alabama,415455
Baldwin Alabama,199639
Marengo Alabama,20680
Henry Alabama,17250
Sumter Alabama,14154
Shelby Alabama,204225
Colbert Alabama,54709
Franklin Alabama,31686
Cherokee Alabama,26577
DeKalb Alabama,71833
Madison Alabama,355117
Lawrence Alabama,34318
Jackson Alabama,53965
Morgan Alabama,119806
Limestone Alabama,89967
Marshall Alabama,95062
Lauderdale Alabama,94688
Denali Alaska,1842
Anchorage Alaska,301118
Kenai Peninsula Alaska,59977
Southeast Fairbanks Alaska,6963
Yukon-Koyukuk Alaska,5927
Fairbanks North Star Alaska,103197
Matanuska-Susitna Alaska,97117
Aleutians East Alaska,4071
Kodiak Island Alaska,13996
North Slope Alaska,11707
Valdez-Cordova Alaska,9731
Bristol Bay Alaska,964
Nome Alaska,14461
Wade Hampton Alaska,8729
Bethel Alaska,17202
Lake and Peninsula Alaska,1659
Northwest Arctic Alaska,7634
Dillingham Alaska,5493
Skagway Alaska,981
Hoonah-Angoon Alaska,2172
Petersburg Alaska,3115
Haines Alaska,2680
Juneau Alaska,33074
Prince of Wales-Hyder Alaska,5964
Aleutians West Alaska,4960
Ketchikan Gateway Alaska,13712
Sitka Alaska,9458
Wrangell Alaska,2362
Yakutat Alaska,649
Apache Arizona,71877
Cochise Arizona,131464
Coconino Arizona,138106
Gila Arizona,54366
Graham Arizona,39180
Greenlee Arizona,9571
La Paz Arizona,20063
Maricopa Arizona,4047801
Mohave Arizona,196268
Navajo Arizona,108603
Pima Arizona,1007707
Pinal Arizona,408405
Santa Cruz Arizona,46426
Yavapai Arizona,220671
Yuma Arizona,206059
Polk Arkansas,20570
Washington Arkansas,218590
Howard Arkansas,13923
Scott Arkansas,10946
Benton Arkansas,245991
Nevada Arkansas,8865
Hempstead Arkansas,22797
Miller Arkansas,43132
Madison Arkansas,16397
Sevier Arkansas,17734
Little River Arkansas,12828
Crawford Arkansas,65170
Carroll Arkansas,27988
Sebastian Arkansas,128118
Logan Arkansas,22569
Franklin Arkansas,18403
Hot Spring Arkansas,33418
Jackson Arkansas,18132
Dallas Arkansas,7855
Cleveland Arkansas,8560
Johnson Arkansas,26704
Columbia Arkansas,24636
Lawrence Arkansas,17465
Cross Arkansas,17539
Calhoun Arkansas,5392
Fulton Arkansas,12350
Perry Arkansas,10335
Conway Arkansas,21297
Montgomery Arkansas,9515
Van Buren Arkansas,17489
Cleburne Arkansas,26411
Marion Arkansas,17232
Sharp Arkansas,17531
Pope Arkansas,63305
Lee Arkansas,10158
Mississippi Arkansas,45287
Chicot Arkansas,11325
Poinsett Arkansas,24374
Independence Arkansas,37826
Stone Arkansas,13109
Union Arkansas,39670
Ashley Arkansas,21574
Crittenden Arkansas,49674
Greene Arkansas,44076
Bradley Arkansas,11322
Newton Arkansas,8398
Ouachita Arkansas,26434
Craighead Arkansas,103649
Izard Arkansas,13551
Grant Arkansas,18311
Searcy Arkansas,8106
Faulkner Arkansas,123075
Jefferson Arkansas,73736
Randolph Arkansas,17581
Lincoln Arkansas,14452
Monroe Arkansas,7827
Boone Arkansas,37934
Garland Arkansas,98992
St. Francis Arkansas,28213
Yell Arkansas,22482
Baxter Arkansas,40722
Clark Arkansas,22963
Arkansas Arkansas,18862
White Arkansas,80598
Pike Arkansas,11348
Clay Arkansas,15717
Drew Arkansas,19126
Pulaski Arkansas,395634
Phillips Arkansas,20798
Lonoke Arkansas,72569
Prairie Arkansas,8549
Woodruff Arkansas,6958
Lafayette Arkansas,7438
Desha Arkansas,12830
Saline Arkansas,116494
Alameda California,1566799
Alpine California,1109
Amador California,37409
Butte California,223478
Calaveras California,45356
Colusa California,22183
Contra Costa California,1085767
Del Norte California,25287
El Dorado California,187270
Fresno California,961763
Glenn California,28811
Humboldt California,135675
Imperial California,178245
Inyo California,18692
Kern California,870898
Kings California,151600
Lake California,66348
Lassen California,34351
Los Angeles California,10023216
Madera California,157149
Marin California,255195
Mariposa California,18310
Mendocino California,88077
Merced California,264006
Modoc California,9701
Mono California,14125
Monterey California,419519
Napa California,139717
Nevada California,98383
Orange California,3116753
Placer California,367302
Plumas California,20196
Riverside California,2285784
Sacramento California,1442907
San Benito California,57166
San Bernardino California,2089370
San Diego California,3201961
San Francisco California,811940
San Joaquin California,712779
San Luis Obispo California,275277
San Mateo California,728205
Santa Barbara California,423997
Santa Clara California,1871782
Santa Cruz California,263302
Shasta California,179053
Sierra California,3303
Siskiyou California,45413
Solano California,429713
Sonoma California,494226
Stanislaus California,525147
Sutter California,96464
Tehama California,64453
Trinity California,13711
Tulare California,460827
Tuolumne California,54604
Ventura California,836298
Yolo California,213288
Yuba California,73725
Adams Colorado,476057
Alamosa Colorado,16427
Arapahoe Colorado,563523
Archuleta Colorado,12519
Baca Colorado,3709
Bent Colorado,5877
Boulder Colorado,306430
Broomfield Colorado,48838
Chaffee Colorado,18572
Cheyenne Colorado,1826
Clear Creek Colorado,9093
Conejos Colorado,8254
Costilla Colorado,3625
Crowley Colorado,5514
Custer Colorado,4555
Delta Colorado,31187
Denver Colorado,694840
Dolores Colorado,1995
Douglas Colorado,312444
Eagle Colorado,53561
El Paso Colorado,660725
Elbert Colorado,23919
Fremont Colorado,45808
Garfield Colorado,58614
Gilpin Colorado,5686
Grand Colorado,14790
Gunnison Colorado,15538
Hinsdale Colorado,840
Huerfano Colorado,6846
Jackson Colorado,1398
Jefferson Colorado,560207
Kiowa Colorado,1412
Kit Carson Colorado,8007
La Plata Colorado,53583
Lake Colorado,7398
Larimer Colorado,320366
Las Animas Colorado,15113
Lincoln Colorado,5454
Logan Colorado,22609
Mesa Colorado,150881
Mineral Colorado,726
Moffat Colorado,13378
Montezuma Colorado,26300
Montrose Colorado,41739
Morgan Colorado,28294
Otero Colorado,18593
Ouray Colorado,4525
Park Colorado,16518
Phillips Colorado,4527
Pitkin Colorado,17323
Prowers Colorado,12143
Pueblo Colorado,160685
Rio Blanco Colorado,7008
Rio Grande Colorado,12083
Routt Colorado,23808
Saguache Colorado,6409
San Juan Colorado,689
San Miguel Colorado,7510
Sedgwick Colorado,2338
Summit Colorado,28173
Teller Colorado,24168
Washington Colorado,4848
Weld Colorado,269245
Yuma Colorado,10190
Middlesex Connecticut,167308
New London Connecticut,270733
Fairfield Connecticut,936805
Hartford Connecticut,904715
Litchfield Connecticut,183529
Windham Connecticut,115148
New Haven Connecticut,863227
Tolland Connecticut,156273
Kent Delaware,171943
Sussex Delaware,214075
New Castle Delaware,547087
District of Columbia District of Columbia,643615
Bay Florida,171102
Gulf Florida,16046
Okaloosa Florida,189624
Santa Rosa Florida,164405
Washington Florida,24864
Holmes Florida,20381
Escambia Florida,303117
Jackson Florida,50176
Calhoun Florida,14829
Walton Florida,59832
Monroe Florida,70008
Miami-Dade Florida,2585257
Lee Florida,666543
Palm Beach Florida,1358360
Manatee Florida,346011
Sarasota Florida,387144
St. Lucie Florida,287564
Martin Florida,154269
Putnam Florida,73758
Citrus Florida,141539
Duval Florida,896015
Franklin Florida,11688
Hillsborough Florida,1308304
Indian River Florida,141528
Gilchrist Florida,17373
Highlands Florida,99891
St. Johns Florida,208503
Hardee Florida,29053
Bradford Florida,29808
Flagler Florida,102828
Baker Florida,27744
Orange Florida,1231513
Jefferson Florida,15300
Hendry Florida,38977
Glades Florida,12176
Clay Florida,197332
Columbia Florida,68991
Hernando Florida,176754
Levy Florida,40474
Nassau Florida,75520
Gadsden Florida,47385
Pasco Florida,483137
Broward Florida,1806366
Dixie Florida,17161
Pinellas Florida,906320
DeSoto Florida,35592
Suwannee Florida,44496
Liberty Florida,8873
Hamilton Florida,14115
Charlotte Florida,166441
Lafayette Florida,9036
Seminole Florida,436053
Brevard Florida,554590
Sumter Florida,116883
Collier Florida,337918
Union Florida,13146
Madison Florida,19504
Alachua Florida,252084
Taylor Florida,22992
Osceola Florida,301583
Lake Florida,315557
Leon Florida,279799
Volusia Florida,506746
Marion Florida,337400
Wakulla Florida,31618
Polk Florida,626806
Okeechobee Florida,39889
Harris Georgia,34524
Glynn Georgia,81269
Camden Georgia,52038
Webster Georgia,2844
Quitman Georgia,2366
Pickens Georgia,30830
Clayton Georgia,256347
Twiggs Georgia,10080
Rockdale Georgia,87303
Jackson Georgia,63877
Heard Georgia,11536
McDuffie Georgia,21693
Clinch Georgia,6804
Echols Georgia,4187
Clarke Georgia,124295
Effingham Georgia,56542
Stephens Georgia,26120
Spalding Georgia,62826
Toombs Georgia,28273
Telfair Georgia,17126
Miller Georgia,6060
Troup Georgia,69126
Mitchell Georgia,23185
Lee Georgia,29750
Wilkes Georgia,10358
Habersham Georgia,44872
Terrell Georgia,9064
Burke Georgia,23592
Greene Georgia,16963
Atkinson Georgia,9162
Thomas Georgia,45832
Upson Georgia,27089
Grady Georgia,25284
Jenkins Georgia,9397
Barrow Georgia,73700
Dodge Georgia,21645
Hancock Georgia,9426
Cherokee Georgia,225581
Lincoln Georgia,7878
Pulaski Georgia,11972
Newton Georgia,98826
Berrien Georgia,19537
Hart Georgia,26070
Stewart Georgia,6024
Turner Georgia,8806
Tift Georgia,40097
Lamar Georgia,18315
Gilmer Georgia,29127
Glascock Georgia,3144
Walton Georgia,86089
Coffee Georgia,43691
Lanier Georgia,10212
Henry Georgia,214056
Lowndes Georgia,115493
DeKalb Georgia,708881
Treutlen Georgia,6693
Cook Georgia,18477
Irwin Georgia,9338
Dougherty Georgia,91978
Houston Georgia,141113
Appling Georgia,18192
Charlton Georgia,13433
Washington Georgia,20876
Polk Georgia,42122
Worth Georgia,21657
Candler Georgia,11216
Lumpkin Georgia,29474
Oconee Georgia,33569
Tattnall Georgia,25891
Baldwin Georgia,46255
Bleckley Georgia,12653
Dooly Georgia,14580
Meriwether Georgia,21693
Oglethorpe Georgia,15305
Calhoun Georgia,6732
Seminole Georgia,8839
Columbia Georgia,142439
Jasper Georgia,13786
Long Georgia,17085
Forsyth Georgia,204519
Jefferson Georgia,16906
Jones Georgia,27267
Ben Hill Georgia,17656
Butts Georgia,23067
Taliaferro Georgia,1891
Fulton Georgia,980467
Schley Georgia,5183
Madison Georgia,29461
Haralson Georgia,29038
Wilkinson Georgia,9601
Laurens Georgia,49455
Evans Georgia,11263
Hall Georgia,186903
Wilcox Georgia,9233
Pike Georgia,18884
Fayette Georgia,112040
Peach Georgia,33291
Banks Georgia,16318
Screven Georgia,14334
Randolph Georgia,7468
Clay Georgia,3206
Bibb Georgia,154405
Muscogee Georgia,192098
Paulding Georgia,146469
Morgan Georgia,18165
Marion Georgia,9144
Coweta Georgia,136955
White Georgia,27506
Montgomery Georgia,9065
Johnson Georgia,9999
Douglas Georgia,136091
Colquitt Georgia,46791
Bacon Georgia,11417
Brantley Georgia,17283
Bulloch Georgia,71929
Sumter Georgia,31633
Dawson Georgia,22727
Pierce Georgia,19437
Rabun Georgia,16504
Crawford Georgia,12471
Chatham Georgia,277793
Talbot Georgia,6745
Ware Georgia,36870
Gwinnett Georgia,853338
Warren Georgia,5395
Macon Georgia,14351
Taylor Georgia,8694
Decatur Georgia,27496
Elbert Georgia,19680
Jeff Davis Georgia,15330
Liberty Georgia,67038
McIntosh Georgia,14414
Early Georgia,10631
Cobb Georgia,723526
Floyd Georgia,95873
Monroe Georgia,26433
Gordon Georgia,57002
Emanuel Georgia,22656
Richmond Georgia,201587
Wheeler Georgia,8271
Bryan Georgia,34805
Chattahoochee Georgia,12091
Baker Georgia,3390
Carroll Georgia,112350
Crisp Georgia,23111
Wayne Georgia,30073
Bartow Georgia,102529
Franklin Georgia,21631
Putnam Georgia,20795
Brooks Georgia,14789
Murray Georgia,40403
Fannin Georgia,26411
Catoosa Georgia,66687
Whitfield Georgia,102789
Chattooga Georgia,25276
Union Georgia,21471
Walker Georgia,69016
Towns Georgia,11104
Dade Georgia,16802
Kalawao Hawaii,84
Maui Hawaii,154507
Hawaii Hawaii,190294
Kauai Hawaii,69773
Honolulu Hawaii,972200
Ada Idaho,418980
Adams Idaho,3935
Bannock Idaho,84481
Bear Lake Idaho,5984
Benewah Idaho,9276
Bingham Idaho,46764
Blaine Idaho,21405
Boise Idaho,6982
Bonner Idaho,41700
Bonneville Idaho,108249
Boundary Idaho,11767
Butte Idaho,2978
Camas Idaho,1139
Canyon Idaho,210242
Caribou Idaho,6977
Cassia Idaho,24831
Clark Idaho,949
Clearwater Idaho,8943
Custer Idaho,4357
Elmore Idaho,26683
Franklin Idaho,13235
Fremont Idaho,11291
Gem Idaho,16912
Gooding Idaho,16018
Idaho Idaho,17000
Jefferson Idaho,27621
Jerome Idaho,23068
Kootenai Idaho,149084
Latah Idaho,38696
Lemhi Idaho,8085
Lewis Idaho,3297
Lincoln Idaho,5605
Madison Idaho,41766
Minidoka Idaho,19796
Nez Perce Idaho,40308
Oneida Idaho,4241
Owyhee Idaho,10224
Payette Idaho,23784
Power Idaho,7972
Shoshone Idaho,12742
Teton Idaho,10574
Twin Falls Idaho,81274
Valley Idaho,9704
Washington Idaho,10248
Boone Illinois,55283
Winnebago Illinois,292389
Carroll Illinois,14962
Henry Illinois,49945
Rock Island Illinois,146612
Mercer Illinois,16488
Jo Daviess Illinois,22452
Hancock Illinois,18803
Whiteside Illinois,57825
Ogle Illinois,53493
Iroquois Illinois,29403
Lee Illinois,35749
Wabash Illinois,10995
Lake Illinois,707355
Will Illinois,695181
Kankakee Illinois,112528
McHenry Illinois,310601
Woodford Illinois,40199
Livingston Illinois,38598
Stephenson Illinois,46888
Marshall Illinois,12127
Bureau Illinois,34827
LaSalle Illinois,112882
DeKalb Illinois,105829
Kendall Illinois,119460
DuPage Illinois,922386
Grundy Illinois,51931
Kane Illinois,528353
Ford Illinois,14052
Cook Illinois,5223692
Greene Illinois,13604
Williamson Illinois,68110
Lawrence Illinois,16848
Jefferson Illinois,38681
Christian Illinois,34248
Massac Illinois,14525
Putnam Illinois,6004
Washington Illinois,14599
Cass Illinois,13458
Clinton Illinois,38258
Morgan Illinois,34543
McDonough Illinois,31797
Cumberland Illinois,11293
Montgomery Illinois,29905
Clark Illinois,16313
St. Clair Illinois,267298
Union Illinois,18028
Johnson Illinois,13078
Macoupin Illinois,47213
Fayette Illinois,21902
Knox Illinois,52357
Fulton Illinois,36300
Shelby Illinois,22210
Monroe Illinois,32524
Pope Illinois,4334
Peoria Illinois,189315
Hamilton Illinois,8555
Macon Illinois,109339
Scott Illinois,5306
Richland Illinois,16071
Jasper Illinois,9531
Moultrie Illinois,15049
Warren Illinois,18058
Saline Illinois,25012
Bond Illinois,17469
Jersey Illinois,23262
Vermilion Illinois,80638
Perry Illinois,21995
Crawford Illinois,19532
Coles Illinois,53290
McLean Illinois,175743
De Witt Illinois,16627
Gallatin Illinois,5479
Wayne Illinois,16616
Piatt Illinois,16944
Pulaski Illinois,6094
Madison Illinois,267162
Logan Illinois,29469
Randolph Illinois,32886
Edwards Illinois,6742
Douglas Illinois,20394
Mason Illinois,14476
Franklin Illinois,39664
Stark Illinois,5937
Effingham Illinois,35317
Marion Illinois,38952
Jackson Illinois,59220
Champaign Illinois,205737
Pike Illinois,16211
White Illinois,14381
Brown Illinois,6932
Schuyler Illinois,7487
Alexander Illinois,7762
Calhoun Illinois,5000
Hardin Illinois,4237
Sangamon Illinois,199036
Clay Illinois,13609
Menard Illinois,13137
Adams Illinois,67525
Edgar Illinois,18047
Tazewell Illinois,136665
Henderson Illinois,7123
Jasper Indiana,33785
Knox Indiana,38391
Pike Indiana,12870
Dubois Indiana,42766
Newton Indiana,14577
Porter Indiana,167671
Perry Indiana,18405
St. Joseph Indiana,267679
Gibson Indiana,35066
Spencer Indiana,22025
LaPorte Indiana,112844
Lake Indiana,493592
Posey Indiana,24897
Warrick Indiana,61411
Vanderburgh Indiana,182554
LaGrange Indiana,38810
Shelby Indiana,44607
Noble Indiana,48992
Whitley Indiana,32015
Tipton Indiana,15549
Union Indiana,7320
Orange Indiana,20247
Tippecanoe Indiana,181468
Parke Indiana,16653
Delaware Indiana,116855
Wabash Indiana,32437
Grant Indiana,69210
Huntington Indiana,36996
Steuben Indiana,34644
Owen Indiana,21359
Hancock Indiana,74081
Bartholomew Indiana,80793
Decatur Indiana,26083
Washington Indiana,27847
Adams Indiana,35053
Brown Indiana,15421
Vigo Indiana,108954
Elkhart Indiana,203553
Jennings Indiana,28419
Rush Indiana,17184
Montgomery Indiana,38404
Morgan Indiana,69450
Johnson Indiana,147113
Madison Indiana,130106
Allen Indiana,366974
Monroe Indiana,140664
Warren Indiana,8333
Clinton Indiana,33158
Jay Indiana,21537
Clay Indiana,27230
Marshall Indiana,47764
Kosciusko Indiana,78612
Fulton Indiana,20593
Wayne Indiana,67748
Clark Indiana,108004
Howard Indiana,82134
Putnam Indiana,38157
Vermillion Indiana,17122
Randolph Indiana,25512
Blackford Indiana,12328
Hamilton Indiana,304000
Wells Indiana,27738
Henry Indiana,49896
Scott Indiana,24228
Cass Indiana,39254
Jackson Indiana,43441
Miami Indiana,36319
Martin Indiana,10594
Lawrence Indiana,46202
Pulaski Indiana,13131
Jefferson Indiana,31930
Benton Indiana,8839
Franklin Indiana,23212
Carroll Indiana,19622
Hendricks Indiana,157738
Ripley Indiana,29447
White Indiana,25577
Sullivan Indiana,21545
Fayette Indiana,23562
Fountain Indiana,16997
DeKalb Indiana,42803
Greene Indiana,33578
Boone Indiana,63849
Marion Indiana,921877
Starke Indiana,23426
Crawford Indiana,11299
Daviess Indiana,32736
Switzerland Indiana,11320
Harrison Indiana,39270
Floyd Indiana,82146
Ohio Indiana,5844
Dearborn Indiana,50193
Marshall Iowa,40858
Lucas Iowa,8859
Bremer Iowa,25293
Hardin Iowa,17481
Story Iowa,93830
Boone Iowa,26518
Adams Iowa,3946
Wright Iowa,12915
Muscatine Iowa,43574
Wayne Iowa,6408
Floyd Iowa,16089
O'Brien Iowa,14139
Montgomery Iowa,10471
Poweshiek Iowa,18838
Pocahontas Iowa,7140
Cerro Gordo Iowa,43539
Chickasaw Iowa,12380
Dickinson Iowa,17147
Black Hawk Iowa,135075
Ida Iowa,7012
Jefferson Iowa,17008
Mills Iowa,15157
Warren Iowa,47955
Mitchell Iowa,11001
Page Iowa,13951
Keokuk Iowa,10476
Hamilton Iowa,15513
Henry Iowa,20123
Winneshiek Iowa,21146
Buena Vista Iowa,20509
Grundy Iowa,12358
Palo Alto Iowa,9403
Benton Iowa,26265
Hancock Iowa,11301
Buchanan Iowa,20156
Cedar Iowa,18742
Winnebago Iowa,10666
Delaware Iowa,18709
Clayton Iowa,18167
Lyon Iowa,11678
Union Iowa,12620
Harrison Iowa,14810
Ringgold Iowa,5155
Butler Iowa,15694
Allamakee Iowa,14589
Calhoun Iowa,10002
Cass Iowa,13799
Audubon Iowa,5949
Pottawattamie Iowa,83542
Louisa Iowa,11329
Clay Iowa,16792
Greene Iowa,9100
Dubuque Iowa,96814
Linn Iowa,217160
Sioux Iowa,34956
Cherokee Iowa,11886
Osceola Iowa,6304
Tama Iowa,17981
Jones Iowa,20541
Crawford Iowa,17441
Mahaska Iowa,22406
Polk Iowa,468988
Webster Iowa,37554
Fayette Iowa,20837
Worth Iowa,7642
Marion Iowa,33823
Franklin Iowa,10799
Howard Iowa,9549
Plymouth Iowa,25303
Shelby Iowa,12007
Adair Iowa,7640
Monroe Iowa,8055
Madison Iowa,15981
Humboldt Iowa,9737
Iowa Iowa,16430
Johnson Iowa,138955
Dallas Iowa,72332
Wapello Iowa,35257
Carroll Iowa,20712
Jasper Iowa,36806
Clarke Iowa,9416
Emmet Iowa,10032
Appanoose Iowa,12715
Decatur Iowa,8626
Woodbury Iowa,107935
Sac Iowa,10195
Kossuth Iowa,15585
Guthrie Iowa,10782
Scott Iowa,171753
Lee Iowa,34908
Clinton Iowa,48492
Des Moines Iowa,40765
Taylor Iowa,6245
Monona Iowa,8995
Fremont Iowa,9016
Washington Iowa,22286
Jackson Iowa,19650
Davis Iowa,8990
Van Buren Iowa,7564
Pratt Kansas,9675
Kiowa Kansas,2629
Meade Kansas,4516
Clay Kansas,8611
Haskell Kansas,4247
Nemaha Kansas,10299
Geary Kansas,36710
Gove Kansas,2697
Crawford Kansas,39669
Linn Kansas,9908
Reno Kansas,64842
Allen Kansas,13338
Bourbon Kansas,15230
Elk Kansas,2812
Harvey Kansas,35230
Lyon Kansas,33123
Cowley Kansas,36701
Brown Kansas,9834
Anderson Kansas,8076
Logan Kansas,2829
Graham Kansas,2499
Mitchell Kansas,6440
Miami Kansas,33280
Washington Kansas,5716
Saline Kansas,56525
Rawlins Kansas,2533
Edwards Kansas,3066
Butler Kansas,67430
Rooks Kansas,5232
Wichita Kansas,2219
Grant Kansas,7953
Stanton Kansas,2201
Rush Kansas,3248
Montgomery Kansas,34945
Osage Kansas,16265
Harper Kansas,6090
Smith Kansas,3867
Finney Kansas,37344
Norton Kansas,5723
Chase Kansas,2761
Russell Kansas,7107
Decatur Kansas,3032
Clark Kansas,2215
Seward Kansas,23413
Phillips Kansas,5657
Woodson Kansas,3271
Franklin Kansas,26183
Cherokee Kansas,21224
Cheyenne Kansas,2688
Pawnee Kansas,6926
Barber Kansas,4908
Ness Kansas,3117
Ellsworth Kansas,6532
Jackson Kansas,13494
Lincoln Kansas,3123
Sumner Kansas,23998
Morris Kansas,5868
McPherson Kansas,29673
Sedgwick Kansas,510610
Doniphan Kansas,7997
Lane Kansas,1704
Stevens Kansas,5877
Atchison Kansas,16993
Chautauqua Kansas,3553
Barton Kansas,27656
Wyandotte Kansas,156652
Comanche Kansas,1944
Thomas Kansas,7874
Gray Kansas,6102
Shawnee Kansas,179885
Pottawatomie Kansas,23814
Ellis Kansas,29304
Wilson Kansas,9301
Morton Kansas,3154
Kingman Kansas,7884
Scott Kansas,5062
Riley Kansas,78142
Rice Kansas,10305
Leavenworth Kansas,78040
Kearny Kansas,3946
Marshall Kansas,10133
Cloud Kansas,9596
Ford Kansas,35727
Ottawa Kansas,6110
Marion Kansas,12480
Osborne Kansas,3831
Hodgeman Kansas,1916
Labette Kansas,21273
Dickinson Kansas,20305
Neosho Kansas,16613
Trego Kansas,3039
Coffey Kansas,8781
Jefferson Kansas,19151
Stafford Kansas,4416
Douglas Kansas,115267
Jewell Kansas,2978
Sheridan Kansas,2548
Republic Kansas,4925
Greenwood Kansas,6413
Wabaunsee Kansas,7196
Johnson Kansas,573440
Greeley Kansas,1276
Hamilton Kansas,2683
Wallace Kansas,1510
Sherman Kansas,5993
Henderson Kentucky,46843
Daviess Kentucky,98317
Hickman Kentucky,4782
McCracken Kentucky,68254
Fulton Kentucky,6494
Hopkins Kentucky,47441
Trigg Kentucky,14791
Carlisle Kentucky,5170
Clinton Kentucky,10199
Webster Kentucky,13711
Logan Kentucky,27256
Taylor Kentucky,24814
Barren Kentucky,43618
Hart Kentucky,18976
Cumberland Kentucky,7173
Green Kentucky,11824
Christian Kentucky,76403
Adair Kentucky,19182
Union Kentucky,15251
Graves Kentucky,37569
Hancock Kentucky,10489
Breckinridge Kentucky,20869
McLean Kentucky,9770
Monroe Kentucky,10644
Ballard Kentucky,8444
Caldwell Kentucky,13016
Hardin Kentucky,111396
Warren Kentucky,120519
Russell Kentucky,17840
Lyon Kentucky,8820
Marshall Kentucky,32062
Muhlenberg Kentucky,31769
Simpson Kentucky,18225
Larue Kentucky,13887
Grayson Kentucky,25809
Crittenden Kentucky,9443
Allen Kentucky,21284
Calloway Kentucky,38437
Wayne Kentucky,20768
Todd Kentucky,12775
Metcalfe Kentucky,10160
Edmonson Kentucky,12757
Butler Kentucky,12992
Ohio Kentucky,24691
Livingston Kentucky,8460
Meade Kentucky,28509
Jefferson Kentucky,746618
Oldham Kentucky,67172
Bullitt Kentucky,79810
Pulaski Kentucky,63868
Leslie Kentucky,11505
Mason Kentucky,17646
Lawrence Kentucky,16107
Bracken Kentucky,8416
Lee Kentucky,7570
Breathitt Kentucky,13941
Greenup Kentucky,40677
Boone Kentucky,127362
Perry Kentucky,28680
Knott Kentucky,16966
Pike Kentucky,67990
Campbell Kentucky,88512
Johnson Kentucky,23550
Kenton Kentucky,167059
Floyd Kentucky,42036
Boyd Kentucky,49205
Martin Kentucky,13430
Letcher Kentucky,25110
Lewis Kentucky,14201
Carter Kentucky,28921
Scott Kentucky,50772
Rockcastle Kentucky,17032
Marion Kentucky,20285
Bell Kentucky,29068
Clark Kentucky,35267
Robertson Kentucky,2559
Nicholas Kentucky,7068
Woodford Kentucky,25985
Elliott Kentucky,7888
Rowan Kentucky,23946
Harlan Kentucky,30195
Nelson Kentucky,44669
Fleming Kentucky,14454
Harrison Kentucky,18726
Owen Kentucky,10279
Knox Kentucky,30369
Carroll Kentucky,11227
Wolfe Kentucky,7541
Casey Kentucky,16465
Gallatin Kentucky,8442
Spencer Kentucky,17502
Clay Kentucky,21469
Laurel Kentucky,62685
Boyle Kentucky,30242
Pendleton Kentucky,14874
Morgan Kentucky,13675
Franklin Kentucky,50140
Shelby Kentucky,43478
Montgomery Kentucky,26681
Owsley Kentucky,4551
McCreary Kentucky,18341
Washington Kentucky,11402
Grant Kentucky,24966
Powell Kentucky,12945
Bourbon Kentucky,20062
Anderson Kentucky,21522
Trimble Kentucky,8657
Mercer Kentucky,21761
Bath Kentucky,12127
Estill Kentucky,14337
Menifee Kentucky,6596
Madison Kentucky,85513
Lincoln Kentucky,24536
Henry Kentucky,15585
Jessamine Kentucky,50237
Garrard Kentucky,16520
Fayette Kentucky,308233
Jackson Kentucky,14034
Whitley Kentucky,35358
Magoffin Kentucky,13469
Grant Louisiana,23649
Red River Louisiana,8704
Sabine Louisiana,25803
Iberia Louisiana,73372
Rapides Louisiana,134768
Calcasieu Louisiana,196588
Evangeline Louisiana,34852
Pointe Coupee Louisiana,24525
Vernon Louisiana,55516
Webster Louisiana,41679
Allen Louisiana,26070
De Soto Louisiana,28534
Beauregard Louisiana,36918
Avoyelles Louisiana,42974
St. Mary Louisiana,54584
Acadia Louisiana,62380
Vermilion Louisiana,60830
Natchitoches Louisiana,40461
St. Martin Louisiana,55188
Bossier Louisiana,131338
Caddo Louisiana,253110
St. Landry Louisiana,84513
St. Tammany Louisiana,247768
Jefferson Louisiana,450981
East Feliciana Louisiana,20643
Jackson Louisiana,16534
St. Helena Louisiana,11453
Washington Louisiana,47862
Ascension Louisiana,119085
Lafayette Louisiana,235411
Jefferson Davis Louisiana,35459
Madison Louisiana,12038
Richland Louisiana,21317
Union Louisiana,22659
Bienville Louisiana,14051
Orleans Louisiana,356308
Iberville Louisiana,35110
St. James Louisiana,22553
Terrebonne Louisiana,117238
East Baton Rouge Louisiana,447344
West Baton Rouge Louisiana,24974
Catahoula Louisiana,10734
Concordia Louisiana,17400
Livingston Louisiana,140503
St. John the Baptist Louisiana,45631
LaSalle Louisiana,15141
Franklin Louisiana,21506
West Carroll Louisiana,11820
Morehouse Louisiana,27295
Lincoln Louisiana,47781
Plaquemines Louisiana,36060
Tensas Louisiana,5158
St. Bernard Louisiana,38105
Claiborne Louisiana,17029
Cameron Louisiana,6958
Ouachita Louisiana,159287
Assumption Louisiana,24516
West Feliciana Louisiana,15557
St. Charles Louisiana,54212
East Carroll Louisiana,7485
Winn Louisiana,15303
Caldwell Louisiana,9845
Tangipahoa Louisiana,130376
Lafourche Louisiana,97223
Oxford Maine,58958
Hancock Maine,56184
Sagadahoc Maine,36039
York Maine,205520
Kennebec Maine,124033
Lincoln Maine,34931
Franklin Maine,31449
Piscataquis Maine,17601
Aroostook Maine,70597
Cumberland Maine,286024
Androscoggin Maine,109308
Waldo Maine,40500
Washington Maine,30875
Knox Maine,40328
Penobscot Maine,156378
Somerset Maine,53132
Queen Anne's Maryland,48836
Dorchester Maryland,32918
Somerset Maryland,26483
Charles Maryland,154714
Harford Maryland,252413
Kent Maryland,21869
Carroll Maryland,166037
Prince George's Maryland,889777
Worcester Maryland,48700
Cecil Maryland,105524
Talbot Maryland,38945
St. Mary's Maryland,113034
Baltimore Maryland,1433161
Wicomico Maryland,100155
Anne Arundel Maryland,566425
Howard Maryland,307727
Caroline Maryland,33252
Calvert Maryland,90271
Montgomery Maryland,1011849
Garrett Maryland,30746
Frederick Maryland,245103
Washington Maryland,152625
Allegany Maryland,74553
Berkshire Massachusetts,129856
Hampden Massachusetts,468698
Franklin Massachusetts,71488
Bristol Massachusetts,559087
Norfolk Massachusetts,633434
Worcester Massachusetts,822862
Barnstable Massachusetts,220874
Plymouth Massachusetts,504638
Middlesex Massachusetts,1574410
Hampshire Massachusetts,160341
Suffolk Massachusetts,745232
Essex Massachusetts,755623
Dukes Massachusetts,16829
Nantucket Massachusetts,10059
Menominee Michigan,23673
Gogebic Michigan,16024
Iron Michigan,11807
Baraga Michigan,8762
Marquette Michigan,67500
Schoolcraft Michigan,8380
Houghton Michigan,37362
Ontonagon Michigan,6551
Alger Michigan,9935
Delta Michigan,36922
Keweenaw Michigan,2144
Missaukee Michigan,15004
Roscommon Michigan,24345
Ingham Michigan,280681
Lake Michigan,11683
Mecosta Michigan,43294
Muskegon Michigan,171271
Cheboygan Michigan,25629
Gladwin Michigan,25784
Midland Michigan,84625
Osceola Michigan,23583
Oscoda Michigan,8533
Shiawassee Michigan,69418
Barry Michigan,59658
Lenawee Michigan,98730
Crawford Michigan,13953
Manistee Michigan,24697
Wexford Michigan,32696
Iosco Michigan,25060
Saginaw Michigan,195178
Eaton Michigan,108513
Kalkaska Michigan,17077
Bay Michigan,106844
Tuscola Michigan,55060
Montcalm Michigan,63643
Emmet Michigan,32744
Alpena Michigan,29752
Ionia Michigan,64051
Ogemaw Michigan,21134
Van Buren Michigan,75763
Jackson Michigan,160813
Kent Michigan,621718
Newaygo Michigan,48679
Ottawa Michigan,272349
St. Joseph Michigan,61767
Antrim Michigan,24561
Calhoun Michigan,135172
Grand Traverse Michigan,89652
Presque Isle Michigan,13309
Mason Michigan,28947
Branch Michigan,43507
Montmorency Michigan,9098
Huron Michigan,32617
Alcona Michigan,10235
Allegan Michigan,113885
Lapeer Michigan,87722
Charlevoix Michigan,25843
Gratiot Michigan,42220
Berrien Michigan,154504
Kalamazoo Michigan,253857
Oceana Michigan,26531
Wayne Michigan,1746456
Benzie Michigan,17744
Genesee Michigan,409958
Washtenaw Michigan,354938
Otsego Michigan,24631
Cass Michigan,52125
Sanilac Michigan,41437
Macomb Michigan,854562
Arenac Michigan,15506
St. Clair Michigan,160648
Livingston Michigan,185015
Clinton Michigan,76879
Leelanau Michigan,22001
Clare Michigan,30876
Oakland Michigan,1221673
Monroe Michigan,149946
Isabella Michigan,70948
Hillsdale Michigan,45845
Luce Michigan,6761
Mackinac Michigan,10776
Chippewa Michigan,35992
Dickinson Michigan,24903
Murray Minnesota,8665
Waseca Minnesota,18995
Dodge Minnesota,20963
Houston Minnesota,19079
Aitkin Minnesota,16351
Nicollet Minnesota,26122
Pennington Minnesota,14323
Pipestone Minnesota,9425
Rock Minnesota,9697
Todd Minnesota,24854
Nobles Minnesota,21792
Benton Minnesota,38309
Douglas Minnesota,37344
Kittson Minnesota,4507
Lac qui Parle Minnesota,7115
Le Sueur Minnesota,27848
Sibley Minnesota,15496
Carlton Minnesota,35745
Pope Minnesota,11216
Mahnomen Minnesota,5461
Wilkin Minnesota,6751
Sherburne Minnesota,90104
Cottonwood Minnesota,11661
Lincoln Minnesota,5867
Yellow Medicine Minnesota,10675
St. Louis Minnesota,199177
Meeker Minnesota,23343
Fillmore Minnesota,20778
Wabasha Minnesota,21506
Isanti Minnesota,38299
Hubbard Minnesota,20421
Mille Lacs Minnesota,26476
Roseau Minnesota,15596
Olmsted Minnesota,150202
Winona Minnesota,52080
Martin Minnesota,20776
Clearwater Minnesota,8874
Wright Minnesota,125867
Watonwan Minnesota,11189
Kanabec Minnesota,16104
Red Lake Minnesota,4155
Brown Minnesota,25361
Clay Minnesota,60176
Washington Minnesota,249648
Chisago Minnesota,54343
Grant Minnesota,5988
Big Stone Minnesota,5310
Traverse Minnesota,3468
Redwood Minnesota,16153
Ramsey Minnesota,522006
Anoka Minnesota,339492
Becker Minnesota,33806
Lyon Minnesota,25796
Wadena Minnesota,13721
Cook Minnesota,5014
Faribault Minnesota,13979
Swift Minnesota,9387
Norman Minnesota,6647
Morrison Minnesota,33692
Rice Minnesota,65870
Jackson Minnesota,10255
McLeod Minnesota,36245
Stearns Minnesota,155729
Steele Minnesota,36825
Kandiyohi Minnesota,42830
Chippewa Minnesota,11985
Blue Earth Minnesota,74737
Carver Minnesota,98333
Otter Tail Minnesota,58192
Marshall Minnesota,9419
Dakota Minnesota,404505
Itasca Minnesota,45583
Mower Minnesota,38965
Pine Minnesota,28724
Polk Minnesota,33578
Renville Minnesota,15476
Crow Wing Minnesota,65011
Beltrami Minnesota,45574
Lake Minnesota,10585
Lake of the Woods Minnesota,4046
Goodhue Minnesota,46776
Scott Minnesota,143614
Koochiching Minnesota,12066
Stevens Minnesota,9879
Cass Minnesota,28458
Freeborn Minnesota,30835
Hennepin Minnesota,1201218
Holmes Mississippi,18848
Coahoma Mississippi,25672
Leflore Mississippi,31512
Issaquena Mississippi,1404
Bolivar Mississippi,34459
Sharkey Mississippi,4849
Attala Mississippi,19816
Amite Mississippi,12725
Copiah Mississippi,29167
Hinds Mississippi,244690
Sunflower Mississippi,27924
Rankin Mississippi,146292
Tunica Mississippi,10860
Tallahatchie Mississippi,15049
Lincoln Mississippi,35695
Yazoo Mississippi,27604
Madison Mississippi,102691
Claiborne Mississippi,9603
Franklin Mississippi,8112
Wilkinson Mississippi,9606
Warren Mississippi,48055
Adams Mississippi,35924
Harrison Mississippi,193192
Jefferson Davis Mississippi,12396
Smith Mississippi,17193
Webster Mississippi,10261
Pike Mississippi,40561
Perry Mississippi,12250
Lauderdale Mississippi,80640
Quitman Mississippi,7987
Marion Mississippi,26373
Clarke Mississippi,16579
Jones Mississippi,68738
Forrest Mississippi,77254
Jefferson Mississippi,7557
Montgomery Mississippi,10668
Humphreys Mississippi,9081
Jackson Mississippi,150800
Lawrence Mississippi,13035
Covington Mississippi,20047
Wayne Mississippi,20700
Walthall Mississippi,15316
Lamar Mississippi,57413
Stone Mississippi,18043
Carroll Mississippi,10941
Greene Mississippi,14695
Jasper Mississippi,17040
Pearl River Mississippi,56194
Simpson Mississippi,27350
Hancock Mississippi,47963
Grenada Mississippi,21964
Washington Mississippi,49346
George Mississippi,23643
Choctaw Mississippi,8428
Noxubee Mississippi,11371
Leake Mississippi,23893
Yalobusha Mississippi,12662
DeSoto Mississippi,170637
Tippah Mississippi,23051
Lee Mississippi,87201
Oktibbeha Mississippi,49146
Calhoun Mississippi,15161
Prentiss Mississippi,25425
Alcorn Mississippi,37773
Union Mississippi,27637
Itawamba Mississippi,24147
Tate Mississippi,29263
Monroe Mississippi,36215
Scott Mississippi,29088
Lafayette Mississippi,52324
Winston Mississippi,18583
Tishomingo Mississippi,20190
Marshall Mississippi,36953
Chickasaw Mississippi,17484
Newton Mississippi,21881
Benton Mississippi,8706
Clay Mississippi,20306
Panola Mississippi,35178
Lowndes Mississippi,59319
Kemper Mississippi,10785
Pontotoc Mississippi,31741
Neshoba Mississippi,30046
Atchison Missouri,5593
Dade Missouri,7832
Daviess Missouri,8913
Pettis Missouri,42287
Lawrence Missouri,39111
Hickory Missouri,9321
McDonald Missouri,23665
Newton Missouri,60196
Cedar Missouri,14173
Carroll Missouri,9207
Cooper Missouri,17337
Chariton Missouri,7625
Jasper Missouri,123265
Cass Missouri,103745
Andrew Missouri,17903
Platte Missouri,93450
Johnson Missouri,55015
Buchanan Missouri,88897
Polk Missouri,30873
Christian Missouri,81593
Saline Missouri,23553
Randolph Missouri,25409
Ray Missouri,23351
Stone Missouri,32245
Greene Missouri,284639
Lafayette Missouri,33222
Clay Missouri,229764
Livingston Missouri,15190
Howard Missouri,10798
Worth Missouri,2178
Jackson Missouri,681575
Barry Missouri,36400
Dunklin Missouri,30798
Taney Missouri,55111
Adair Missouri,25668
Ripley Missouri,14619
Miller Missouri,25782
Callaway Missouri,44291
St. Louis Missouri,1312953
Oregon Missouri,11115
Knox Missouri,4088
Monroe Missouri,8766
Camden Missouri,43256
Ralls Missouri,10449
Caldwell Missouri,9588
Boone Missouri,174292
Bollinger Missouri,12784
Lewis Missouri,10358
Madison Missouri,12498
Harrison Missouri,9075
Shelby Missouri,6311
Marion Missouri,28772
Howell Missouri,41237
Dallas Missouri,16369
Warren Missouri,33432
Gentry Missouri,6901
Macon Missouri,15576
Cole Missouri,76732
Scott Missouri,38562
Shannon Missouri,8554
Reynolds Missouri,7087
Mercer Missouri,3793
Stoddard Missouri,31321
Benton Missouri,19369
Wright Missouri,18868
Vernon Missouri,21290
St. Charles Missouri,377305
Butler Missouri,43385
Washington Missouri,25415
Laclede Missouri,36362
St. Francois Missouri,67542
Clinton Missouri,20405
Mississippi Missouri,14464
Barton Missouri,12180
Perry Missouri,20288
Iron Missouri,10709
St. Clair Missouri,9853
Franklin Missouri,102765
Sullivan Missouri,6655
Jefferson Missouri,218323
Schuyler Missouri,4627
Pemiscot Missouri,18175
Scotland Missouri,4936
Cape Girardeau Missouri,77903
Moniteau Missouri,16057
Nodaway Missouri,23873
Carter Missouri,6361
Maries Missouri,9142
Crawford Missouri,25278
Gasconade Missouri,14874
Lincoln Missouri,55404
Ozark Missouri,9746
Putnam Missouri,4930
Texas Missouri,26303
Pike Missouri,18579
Grundy Missouri,10514
Phelps Missouri,45962
Morgan Missouri,22296
Linn Missouri,12468
Wayne Missouri,14133
Holt Missouri,4642
Webster Missouri,36965
Audrain Missouri,25686
New Madrid Missouri,20713
Pulaski Missouri,55352
Henry Missouri,22277
DeKalb Missouri,12948
Ste. Genevieve Missouri,17953
Douglas Missouri,13663
Bates Missouri,16793
Osage Missouri,14611
Clark Missouri,7418
Dent Missouri,15995
Montgomery Missouri,12473
Sheridan Montana,3710
Prairie Montana,1180
Richland Montana,11484
Dawson Montana,9407
Daniels Montana,1754
Carter Montana,1166
Custer Montana,12181
Fallon Montana,3021
McCone Montana,1961
Wibaux Montana,1092
Roosevelt Montana,10755
Valley Montana,7446
Beaverhead Montana,9303
Big Horn Montana,13058
Blaine Montana,6645
Broadwater Montana,6023
Carbon Montana,10333
Cascade Montana,82767
Chouteau Montana,5707
Deer Lodge Montana,9183
Fergus Montana,11964
Flathead Montana,95504
Gallatin Montana,96959
Garfield Montana,1228
Glacier Montana,13602
Golden Valley Montana,899
Granite Montana,3140
Hill Montana,16382
Jefferson Montana,11610
Judith Basin Montana,2052
Lake Montana,29470
Lewis and Clark Montana,66334
Liberty Montana,2334
Lincoln Montana,19978
Madison Montana,7813
Meagher Montana,1909
Mineral Montana,3789
Missoula Montana,114020
Musselshell Montana,4561
Park Montana,16046
Petroleum Montana,476
Phillips Montana,4236
Pondera Montana,6155
Powder River Montana,1744
Powell Montana,6972
Ravalli Montana,41268
Rosebud Montana,9270
Sanders Montana,11534
Silver Bow Montana,34968
Stillwater Montana,9402
Sweet Grass Montana,3579
Teton Montana,6157
Toole Montana,5238
Treasure Montana,708
Wheatland Montana,2171
Yellowstone Montana,155898
Adams Nebraska,31669
Antelope Nebraska,6505
Arthur Nebraska,474
Banner Nebraska,708
Blaine Nebraska,482
Boone Nebraska,5439
Box Butte Nebraska,11404
Boyd Nebraska,2043
Brown Nebraska,2927
Buffalo Nebraska,48136
Burt Nebraska,6647
Butler Nebraska,8386
Cass Nebraska,24994
Cedar Nebraska,8720
Chase Nebraska,3960
Cherry Nebraska,5891
Cheyenne Nebraska,10077
Clay Nebraska,6570
Colfax Nebraska,10586
Cuming Nebraska,9007
Custer Nebraska,10760
Dakota Nebraska,17191
Dawes Nebraska,9121
Dawson Nebraska,24378
Deuel Nebraska,1865
Dixon Nebraska,5810
Dodge Nebraska,36793
Douglas Nebraska,556690
Dundy Nebraska,1972
Fillmore Nebraska,5788
Franklin Nebraska,3119
Frontier Nebraska,2665
Furnas Nebraska,4941
Gage Nebraska,22012
Garden Nebraska,1952
Garfield Nebraska,2017
Gosper Nebraska,2046
Grant Nebraska,607
Greeley Nebraska,2500
Hall Nebraska,61236
Hamilton Nebraska,9374
Harlan Nebraska,3428
Hayes Nebraska,1037
Hitchcock Nebraska,2806
Holt Nebraska,10380
Hooker Nebraska,734
Howard Nebraska,6390
Jefferson Nebraska,7464
Johnson Nebraska,5205
Kearney Nebraska,6530
Keith Nebraska,8314
Keya Paha Nebraska,796
Kimball Nebraska,3720
Knox Nebraska,8624
Lancaster Nebraska,299990
Lincoln Nebraska,36528
Logan Nebraska,780
Loup Nebraska,618
Madison Nebraska,35237
McPherson Nebraska,516
Merrick Nebraska,7838
Morrill Nebraska,4966
Nance Nebraska,3654
Nemaha Nebraska,7244
Nuckolls Nebraska,4445
Otoe Nebraska,15957
Pawnee Nebraska,2755
Perkins Nebraska,2940
Phelps Nebraska,9233
Pierce Nebraska,7174
Platte Nebraska,32764
Polk Nebraska,5300
Red Willow Nebraska,10925
Richardson Nebraska,8132
Rock Nebraska,1512
Saline Nebraska,14662
Sarpy Nebraska,172658
Saunders Nebraska,21566
Scotts Bluff Nebraska,37490
Seward Nebraska,17314
Sheridan Nebraska,5333
Sherman Nebraska,3133
Sioux Nebraska,1277
Stanton Nebraska,6119
Thayer Nebraska,5167
Thomas Nebraska,662
Thurston Nebraska,7062
Valley Nebraska,4273
Washington Nebraska,20253
Wayne Nebraska,9498
Webster Nebraska,3803
Wheeler Nebraska,773
York Nebraska,13781
Carson City Nevada,53508
Churchill Nevada,24670
Clark Nevada,2092400
Douglas Nevada,50159
Elko Nevada,54882
Esmeralda Nevada,932
Eureka Nevada,2064
Humboldt Nevada,18081
Lander Nevada,6331
Lincoln Nevada,5327
Lyon Nevada,52422
Mineral Nevada,4678
Nye Nevada,45578
Pershing Nevada,6915
Storey Nevada,4001
Washoe Nevada,441851
White Pine Nevada,9909
Coos New Hampshire,33755
Merrimack New Hampshire,150937
Cheshire New Hampshire,77692
Carroll New Hampshire,48764
Belknap New Hampshire,62082
Grafton New Hampshire,89086
Rockingham New Hampshire,303542
Hillsborough New Hampshire,402493
Sullivan New Hampshire,44924
Strafford New Hampshire,128361
Passaic New Jersey,529295
Sussex New Jersey,146387
Morris New Jersey,496865
Bergen New Jersey,1480831
Atlantic New Jersey,275137
Ocean New Jersey,593507
Cape May New Jersey,94697
Monmouth New Jersey,608324
Essex New Jersey,805940
Warren New Jersey,104828
Cumberland New Jersey,158822
Gloucester New Jersey,280438
Union New Jersey,539594
Salem New Jersey,65861
Middlesex New Jersey,845135
Hunterdon New Jersey,128607
Mercer New Jersey,353325
Hudson New Jersey,66118
Somerset New Jersey,335309
Burlington New Jersey,464633
Camden New Jersey,514514
Bernalillo New Mexico,675975
Catron New Mexico,3746
Chaves New Mexico,66779
Cibola New Mexico,27053
Colfax New Mexico,13662
De Baca New Mexico,1963
Dona Ana New Mexico,217896
Eddy New Mexico,57170
Grant New Mexico,30275
Guadalupe New Mexico,4746
Harding New Mexico,693
Hidalgo New Mexico,4805
Lincoln New Mexico,20681
Los Alamos New Mexico,17432
Luna New Mexico,24806
McKinley New Mexico,70588
Mora New Mexico,4804
Otero New Mexico,65089
Quay New Mexico,8918
Rio Arriba New Mexico,39637
San Juan New Mexico,130495
San Miguel New Mexico,29640
Sandoval New Mexico,138169
Santa Fe New Mexico,148590
Sierra New Mexico,11391
Socorro New Mexico,17921
Taos New Mexico,32850
Torrance New Mexico,16022
Union New Mexico,4475
Valencia New Mexico,77214
Curry New Mexico,53215
Roosevelt New Mexico,20700
Lea New Mexico,69783
Washington New York,63409
Queens New York,2262146
Richmond New York,470636
Kings New York,2760514
Nassau New York,1361869
Westchester New York,932213
New York New York,1157695
Bronx New York,1770451
Suffolk New York,1501491
Allegany New York,48298
Rockland New York,320022
Schuyler New York,18605
Wayne New York,92832
Steuben New York,99641
Albany New York,303361
Ulster New York,182154
Columbia New York,64367
Otsego New York,60990
Monroe New York,744736
Greene New York,49498
Saratoga New York,225191
Orange New York,384780
Rensselaer New York,169045
St. Lawrence New York,116163
Yates New York,25308
Schoharie New York,31976
Cortland New York,49277
Schenectady New York,155730
Tioga New York,50696
Oswego New York,122510
Genesee New York,59804
Chemung New York,87814
Jefferson New York,120964
Putnam New York,100550
Ontario New York,108308
Montgomery New York,50720
Chenango New York,51310
Franklin New York,49776
Dutchess New York,294543
Broome New York,196435
Niagara New York,213202
Livingston New York,64953
Tompkins New York,102245
Clinton New York,81555
Seneca New York,37464
Lewis New York,27743
Erie New York,914925
Chautauqua New York,131003
Orleans New York,41802
Delaware New York,47769
Sullivan New York,76276
Cattaraugus New York,78760
Onondaga New York,469687
Wyoming New York,41293
Oneida New York,232910
Herkimer New York,65956
Madison New York,75853
Warren New York,67921
Fulton New York,54409
Essex New York,39365
Hamilton New York,4872
Cayuga New York,80182
Surry North Carolina,73906
Macon North Carolina,35361
Avery North Carolina,18167
Mitchell North Carolina,15426
Graham North Carolina,9027
Madison North Carolina,21723
Clay North Carolina,10938
Cherokee North Carolina,28618
Haywood North Carolina,60515
Jackson North Carolina,42061
Buncombe North Carolina,257266
Watauga North Carolina,53918
Henderson North Carolina,107641
Swain North Carolina,15071
Burke North Carolina,89969
Carteret North Carolina,70473
Onslow North Carolina,198999
Pender North Carolina,57796
New Hanover North Carolina,209652
Hyde North Carolina,5853
Brunswick North Carolina,123222
Dare North Carolina,35433
Johnston North Carolina,182100
Duplin North Carolina,59484
Lee North Carolina,59757
Wilson North Carolina,80851
Guilford North Carolina,507757
Stokes North Carolina,46835
Transylvania North Carolina,34085
Caldwell North Carolina,83248
Edgecombe North Carolina,54922
Ashe North Carolina,27837
Gaston North Carolina,210981
Perquimans North Carolina,14072
Currituck North Carolina,24963
Anson North Carolina,26740
Caswell North Carolina,23512
McDowell North Carolina,46652
Durham North Carolina,291141
Granville North Carolina,57119
Columbus North Carolina,58397
Gates North Carolina,12072
Richmond North Carolina,46499
Union North Carolina,217105
Davidson North Carolina,167268
Rutherford North Carolina,69177
Randolph North Carolina,143190
Wake North Carolina,997002
Robeson North Carolina,137283
Forsyth North Carolina,362062
Scotland North Carolina,36647
Halifax North Carolina,54078
Hertford North Carolina,24297
Polk North Carolina,20999
Chatham North Carolina,68761
Moore North Carolina,94785
Alamance North Carolina,155724
Bladen North Carolina,35043
Bertie North Carolina,21229
Rowan North Carolina,139301
Rockingham North Carolina,92210
Stanly North Carolina,60924
Cabarrus North Carolina,192160
Martin North Carolina,24038
Greene North Carolina,21549
Sampson North Carolina,65859
Davie North Carolina,41549
Yadkin North Carolina,38639
Pamlico North Carolina,13607
Orange North Carolina,140263
Warren North Carolina,21505
Craven North Carolina,103481
Chowan North Carolina,14961
Nash North Carolina,98428
Catawba North Carolina,155155
Cleveland North Carolina,100615
Harnett North Carolina,129803
Hoke North Carolina,55970
Jones North Carolina,13570
Alleghany North Carolina,11101
Vance North Carolina,45157
Iredell North Carolina,168264
Yancey North Carolina,18259
Pitt North Carolina,174674
Tyrrell North Carolina,3917
Northampton North Carolina,21830
Franklin North Carolina,65236
Beaufort North Carolina,48446
Wayne North Carolina,125462
Cumberland North Carolina,332068
Lenoir North Carolina,58995
Person North Carolina,39355
Washington North Carolina,13030
Lincoln North Carolina,79741
Pasquotank North Carolina,40338
Alexander North Carolina,38090
Camden North Carolina,10251
Montgomery North Carolina,28553
Wilkes North Carolina,70498
Mecklenburg North Carolina,1001357
Adams North Dakota,2356
Barnes North Dakota,10918
Benson North Dakota,6840
Billings North Dakota,945
Bottineau North Dakota,7122
Bowman North Dakota,3493
Burke North Dakota,2465
Burleigh North Dakota,90544
Cass North Dakota,171126
Cavalier North Dakota,3984
Dickey North Dakota,5329
Divide North Dakota,2395
Dunn North Dakota,4343
Eddy North Dakota,2428
Emmons North Dakota,3532
Foster North Dakota,3403
Golden Valley North Dakota,1823
Grand Forks North Dakota,69712
Grant North Dakota,2446
Griggs North Dakota,2354
Hettinger North Dakota,2620
Kidder North Dakota,2446
LaMoure North Dakota,4155
Logan North Dakota,1988
McHenry North Dakota,5900
McIntosh North Dakota,2763
McKenzie North Dakota,9417
McLean North Dakota,9958
Mercer North Dakota,8787
Morton North Dakota,31257
Mountrail North Dakota,10033
Nelson North Dakota,3111
Oliver North Dakota,1836
Pembina North Dakota,7317
Pierce North Dakota,4462
Ramsey North Dakota,11602
Ransom North Dakota,5557
Renville North Dakota,2655
Richland North Dakota,16073
Rolette North Dakota,14585
Sargent North Dakota,3913
Sheridan North Dakota,1367
Sioux North Dakota,4307
Slope North Dakota,788
Stark North Dakota,30565
Steele North Dakota,1939
Stutsman North Dakota,21599
Towner North Dakota,2288
Traill North Dakota,8327
Walsh North Dakota,11238
Ward North Dakota,72851
Wells North Dakota,4247
Williams North Dakota,34218
Lorain Ohio,302378
Jackson Ohio,33099
Pike Ohio,28815
Sandusky Ohio,60368
Montgomery Ohio,534761
Miami Ohio,104539
Knox Ohio,61010
Portage Ohio,164939
Wyandot Ohio,23464
Fulton Ohio,42507
Darke Ohio,52966
Warren Ohio,220678
Champaign Ohio,41687
Clermont Ohio,202968
Richland Ohio,121402
Highland Ohio,43408
Henry Ohio,28074
Crawford Ohio,42952
Morgan Ohio,15347
Huron Ohio,59147
Ottawa Ohio,41878
Hardin Ohio,31328
Fayette Ohio,28985
Holmes Ohio,44315
Jefferson Ohio,57980
Fairfield Ohio,149528
Lawrence Ohio,59494
Clark Ohio,136859
Logan Ohio,44935
Carroll Ohio,28330
Mahoning Ohio,233599
Marion Ohio,67270
Medina Ohio,176705
Seneca Ohio,55927
Trumbull Ohio,205170
Tuscarawas Ohio,93638
Wayne Ohio,115646
Meigs Ohio,20117
Hocking Ohio,28901
Clinton Ohio,42421
Geauga Ohio,96461
Defiance Ohio,39109
Brown Ohio,44763
Greene Ohio,161789
Union Ohio,52127
Harrison Ohio,16294
Belmont Ohio,63834
Mercer Ohio,40842
Ashland Ohio,53891
Ross Ohio,78982
Monroe Ohio,15573
Columbiana Ohio,104981
Lucas Ohio,430350
Pickaway Ohio,56280
Muskingum Ohio,84812
Morrow Ohio,34321
Guernsey Ohio,39877
Preble Ohio,42291
Stark Ohio,371496
Hancock Ohio,74229
Ashtabula Ohio,99828
Allen Ohio,109745
Delaware Ohio,189376
Noble Ohio,14635
Franklin Ohio,1224338
Madison Ohio,43496
Williams Ohio,37909
Paulding Ohio,19326
Shelby Ohio,49454
Gallia Ohio,30795
Hamilton Ohio,801947
Adams Ohio,28225
Licking Ohio,169257
Vinton Ohio,13674
Van Wert Ohio,25378
Putnam Ohio,34929
Lake Ohio,228448
Athens Ohio,65211
Washington Ohio,59918
Butler Ohio,376311
Coshocton Ohio,36962
Cuyahoga Ohio,1243365
Perry Ohio,36114
Wood Ohio,133455
Scioto Ohio,74474
Summit Ohio,546193
Erie Ohio,75848
Auglaize Ohio,45981
Marshall Oklahoma,16569
Bryan Oklahoma,46261
Ottawa Oklahoma,32466
Stephens Oklahoma,45873
Johnston Oklahoma,11230
Oklahoma Oklahoma,769087
Lincoln Oklahoma,35341
Seminole Oklahoma,25610
Mayes Oklahoma,41796
Kay Oklahoma,46766
Pottawatomie Oklahoma,72549
Tulsa Oklahoma,635813
Hughes Oklahoma,14316
Wagoner Oklahoma,76516
Garfield Oklahoma,62236
Nowata Oklahoma,10611
Cherokee Oklahoma,49090
Dewey Oklahoma,4937
Alfalfa Oklahoma,5847
Washita Oklahoma,11676
Cleveland Oklahoma,271396
Atoka Oklahoma,14347
Delaware Oklahoma,42905
Harper Oklahoma,3739
Caddo Oklahoma,30212
Beaver Oklahoma,5672
McCurtain Oklahoma,33237
Carter Oklahoma,49940
Jefferson Oklahoma,6520
Pawnee Oklahoma,16464
Osage Oklahoma,47014
Cimarron Oklahoma,2367
Latimer Oklahoma,11142
Pontotoc Oklahoma,38559
Okfuskee Oklahoma,12665
Beckham Oklahoma,23801
Muskogee Oklahoma,71103
Pittsburg Oklahoma,45218
Blaine Oklahoma,9862
Comanche Oklahoma,127163
Cotton Oklahoma,6194
Grady Oklahoma,54701
Garvin Oklahoma,27870
Coal Oklahoma,6123
Rogers Oklahoma,90721
Tillman Oklahoma,7819
Washington Oklahoma,52212
Custer Oklahoma,29909
Okmulgee Oklahoma,39755
Kingfisher Oklahoma,15834
Sequoyah Oklahoma,43553
Murray Oklahoma,14053
Texas Oklahoma,21699
Major Oklahoma,7862
Harmon Oklahoma,2864
McClain Oklahoma,38700
Choctaw Oklahoma,15283
Woodward Oklahoma,21318
Grant Oklahoma,4482
Pushmataha Oklahoma,11642
Greer Oklahoma,6451
Creek Oklahoma,71176
Le Flore Oklahoma,51825
Roger Mills Oklahoma,3796
Woods Oklahoma,9361
Adair Oklahoma,23054
Payne Oklahoma,81097
Haskell Oklahoma,13672
Craig Oklahoma,15127
Jackson Oklahoma,25929
Kiowa Oklahoma,9170
Ellis Oklahoma,4264
McIntosh Oklahoma,21513
Canadian Oklahoma,130026
Love Oklahoma,10211
Logan Oklahoma,44745
Noble Oklahoma,11761
Pike Pennsylvania,57158
Wayne Pennsylvania,54349
Fayette Pennsylvania,139295
Sullivan Pennsylvania,6486
Mercer Pennsylvania,114879
Wyoming Pennsylvania,29385
Susquehanna Pennsylvania,43793
Butler Pennsylvania,186978
Juniata Pennsylvania,24865
Lycoming Pennsylvania,118021
Fulton Pennsylvania,14914
Columbia Pennsylvania,70061
Lawrence Pennsylvania,89789
Snyder Pennsylvania,39922
Armstrong Pennsylvania,61420
Berks Pennsylvania,418105
Crawford Pennsylvania,87878
Montour Pennsylvania,17776
Potter Pennsylvania,17838
Cumberland Pennsylvania,243669
Jefferson Pennsylvania,45645
Bedford Pennsylvania,49539
Forest Pennsylvania,7567
Huntingdon Pennsylvania,47680
McKean Pennsylvania,42872
Northampton Pennsylvania,318506
Northumberland Pennsylvania,95235
Erie Pennsylvania,280319
Warren Pennsylvania,41579
Adams Pennsylvania,103971
Cambria Pennsylvania,140991
Carbon Pennsylvania,65647
Delaware Pennsylvania,563344
Clinton Pennsylvania,40064
Clearfield Pennsylvania,78276
Lackawanna Pennsylvania,211703
Somerset Pennsylvania,76538
Dauphin Pennsylvania,276589
Elk Pennsylvania,31492
Lancaster Pennsylvania,536554
Perry Pennsylvania,43950
Montgomery Pennsylvania,837011
Tioga Pennsylvania,42631
Indiana Pennsylvania,86623
Luzerne Pennsylvania,320444
Bradford Pennsylvania,62528
Clarion Pennsylvania,39157
Allegheny Pennsylvania,1222024
Lebanon Pennsylvania,137380
Franklin Pennsylvania,154274
Beaver Pennsylvania,169299
York Pennsylvania,442608
Westmoreland Pennsylvania,373666
Lehigh Pennsylvania,346960
Mifflin Pennsylvania,46549
Monroe Pennsylvania,171036
Blair Pennsylvania,126848
Philadelphia Pennsylvania,1522293
Union Pennsylvania,46256
Schuylkill Pennsylvania,148758
Bucks Pennsylvania,626509
Centre Pennsylvania,160680
Chester Pennsylvania,524183
Venango Pennsylvania,53826
Greene Pennsylvania,37959
Cameron Pennsylvania,4912
Washington Pennsylvania,207940
Bristol Rhode Island,48235
Newport Rhode Island,82266
Washington Rhode Island,124311
Providence Rhode Island,627857
Kent Rhode Island,168306
McCormick South Carolina,9507
Anderson South Carolina,192120
Aiken South Carolina,165936
Oconee South Carolina,76246
Lee South Carolina,20167
Union South Carolina,27773
Dillon South Carolina,32077
Chester South Carolina,33937
Laurens South Carolina,66198
Newberry South Carolina,38484
Marlboro South Carolina,28729
Darlington South Carolina,66745
Berkeley South Carolina,185281
Barnwell South Carolina,22403
Cherokee South Carolina,56379
Saluda South Carolina,20119
Jasper South Carolina,30786
Pickens South Carolina,119982
Fairfield South Carolina,24621
Abbeville South Carolina,24678
Clarendon South Carolina,35504
Kershaw South Carolina,63369
Williamsburg South Carolina,34496
Florence South Carolina,140449
Beaufort South Carolina,166818
Marion South Carolina,32341
Hampton South Carolina,21714
Colleton South Carolina,37373
Spartanburg South Carolina,296299
Lexington South Carolina,273194
Dorchester South Carolina,138277
Sumter South Carolina,107989
Horry South Carolina,296505
Greenville South Carolina,480353
York South Carolina,242264
Charleston South Carolina,392776
Bamberg South Carolina,15479
Chesterfield South Carolina,47294
Edgefield South Carolina,28019
Georgetown South Carolina,60081
Lancaster South Carolina,81433
Orangeburg South Carolina,90628
Calhoun South Carolina,15937
Greenwood South Carolina,69740
Richland South Carolina,407522
Allendale South Carolina,10024
Hanson South Dakota,3379
Hamlin South Dakota,6061
Gregory South Dakota,4273
Campbell South Dakota,1389
Sanborn South Dakota,2337
Spink South Dakota,6474
Hutchinson South Dakota,7276
McCook South Dakota,5745
Davison South Dakota,19945
Codington South Dakota,28155
Faulk South Dakota,2334
Yankton South Dakota,22661
Douglas South Dakota,3026
Moody South Dakota,6341
Jones South Dakota,972
Kingsbury South Dakota,5131
Lake South Dakota,11726
Union South Dakota,15075
Tripp South Dakota,5500
Edmunds South Dakota,4020
Walworth South Dakota,5401
Mellette South Dakota,2128
Roberts South Dakota,10397
Brown South Dakota,38714
Minnehaha South Dakota,182425
Marshall South Dakota,4735
Hyde South Dakota,1411
Clark South Dakota,3706
Aurora South Dakota,2719
Day South Dakota,5711
Sully South Dakota,1382
Brookings South Dakota,34176
Clay South Dakota,13618
Brule South Dakota,5433
Deuel South Dakota,4294
Hand South Dakota,3327
Jerauld South Dakota,2091
Todd South Dakota,9650
McPherson South Dakota,2422
Lyman South Dakota,3788
Turner South Dakota,8555
Miner South Dakota,2342
Charles Mix South Dakota,9315
Hughes South Dakota,17721
Potter South Dakota,2389
Stanley South Dakota,3064
Buffalo South Dakota,1974
Beadle South Dakota,18266
Bon Homme South Dakota,7064
Lincoln South Dakota,52161
Grant South Dakota,7326
Bennett South Dakota,3536
Haakon South Dakota,1884
Pennington South Dakota,107911
Butte South Dakota,10428
Meade South Dakota,26601
Lawrence South Dakota,25408
Corson South Dakota,4144
Ziebach South Dakota,3007
Harding South Dakota,1266
Dewey South Dakota,5313
Jackson South Dakota,3113
Shannon South Dakota,13561
Perkins South Dakota,3004
Custer South Dakota,8610
Fall River South Dakota,7058
Tipton Tennessee,62396
Shelby Tennessee,946201
Humphreys Tennessee,18660
Dickson Tennessee,51145
Sumner Tennessee,168385
Moore Tennessee,5922
Gibson Tennessee,50690
Hickman Tennessee,24765
Marion Tennessee,28885
Lincoln Tennessee,33409
Putnam Tennessee,76165
Williamson Tennessee,208510
Bedford Tennessee,46694
Fayette Tennessee,39663
Madison Tennessee,100423
Robertson Tennessee,70074
Warren Tennessee,39553
Cumberland Tennessee,58177
Lewis Tennessee,12121
Lauderdale Tennessee,27572
Davidson Tennessee,660609
Rhea Tennessee,33702
Stewart Tennessee,13314
Weakley Tennessee,34925
Marshall Tennessee,32248
Bledsoe Tennessee,13008
Grundy Tennessee,13980
Wayne Tennessee,17260
Crockett Tennessee,15114
Maury Tennessee,86378
Overton Tennessee,22657
Pickett Tennessee,5468
Rutherford Tennessee,284160
Jackson Tennessee,11302
Carroll Tennessee,28958
Sequatchie Tennessee,14968
Lake Tennessee,7951
Clay Tennessee,7794
Hardin Tennessee,26956
Franklin Tennessee,42546
Obion Tennessee,31555
Benton Tennessee,16421
White Tennessee,26069
Chester Tennessee,17795
Lawrence Tennessee,42109
Van Buren Tennessee,5964
Hardeman Tennessee,27133
Decatur Tennessee,11890
Macon Tennessee,22775
Smith Tennessee,18823
Henry Tennessee,32627
Haywood Tennessee,18611
Cannon Tennessee,13963
Henderson Tennessee,28223
Montgomery Tennessee,191374
Trousdale Tennessee,8509
McNairy Tennessee,26733
Coffee Tennessee,53244
DeKalb Tennessee,19605
Houston Tennessee,8570
Dyer Tennessee,38660
Fentress Tennessee,18111
Wilson Tennessee,126641
Giles Tennessee,29152
Perry Tennessee,8133
Cheatham Tennessee,38921
Morgan Tennessee,22313
Sevier Tennessee,91997
Union Tennessee,19600
Claiborne Tennessee,33072
Johnson Tennessee,18083
Sullivan Tennessee,157484
Blount Tennessee,127051
Carter Tennessee,57625
Cocke Tennessee,35021
Hamblen Tennessee,63864
Bradley Tennessee,104094
Loudon Tennessee,52460
Grainger Tennessee,22132
Jefferson Tennessee,57195
Unicoi Tennessee,18028
Hancock Tennessee,6610
Knox Tennessee,449425
Meigs Tennessee,12621
McMinn Tennessee,53117
Scott Tennessee,22625
Anderson Tennessee,74551
Roane Tennessee,52627
Campbell Tennessee,40589
Hamilton Tennessee,351656
Washington Tennessee,126860
Polk Tennessee,17974
Hawkins Tennessee,57797
Greene Tennessee,69323
Monroe Tennessee,45695
Cameron Texas,426914
Kleberg Texas,32857
Nueces Texas,355074
Galveston Texas,318066
Parker Texas,125042
Lavaca Texas,20703
Briscoe Texas,1609
Donley Texas,3606
Howard Texas,38547
Hall Texas,3345
Zavala Texas,12057
Borden Texas,631
Cottle Texas,1440
Childress Texas,7301
Kerr Texas,51549
Foard Texas,1297
Cherokee Texas,53064
Comanche Texas,14114
DeWitt Texas,20484
Dimmit Texas,11438
Duval Texas,11515
Baylor Texas,3602
Hood Texas,54617
Knox Texas,3830
Motley Texas,1192
Leon Texas,16861
Wharton Texas,41334
Wilson Texas,47056
Young Texas,19020
Jeff Davis Texas,2359
Loving Texas,84
Sterling Texas,1170
Mason Texas,4134
Stonewall Texas,1461
San Augustine Texas,8813
Freestone Texas,20730
Lee Texas,17193
Bell Texas,336537
Midland Texas,153891
Coleman Texas,8827
Fisher Texas,3930
Mitchell Texas,9616
Stephens Texas,9404
Falls Texas,18160
Callahan Texas,14029
Edwards Texas,2250
Dickens Texas,2368
Titus Texas,33983
Fayette Texas,25303
Archer Texas,9235
Taylor Texas,135327
Smith Texas,220402
Uvalde Texas,27662
Hill Texas,35900
Bee Texas,33444
Armstrong Texas,1907
Presidio Texas,7499
Austin Texas,29099
Wood Texas,43892
Brooks Texas,7336
Jack Texas,9206
Williamson Texas,484756
Martin Texas,5124
Irion Texas,1583
Llano Texas,20146
Glasscock Texas,1248
McLennan Texas,245505
Rusk Texas,53353
Runnels Texas,10205
Gonzales Texas,21090
Milam Texas,25026
Ellis Texas,160472
Kinney Texas,3544
Bastrop Texas,79520
Erath Texas,40330
Collingsworth Texas,3160
Nolan Texas,15325
Matagorda Texas,36911
Kenedy Texas,417
Bosque Texas,18392
Angelina Texas,89919
Karnes Texas,15208
Menard Texas,2199
McCulloch Texas,8467
Brown Texas,38354
Lampasas Texas,20561
Goliad Texas,7889
Calhoun Texas,22334
Refugio Texas,7450
Colorado Texas,21366
Wise Texas,63545
San Saba Texas,6105
Denton Texas,747283
Mills Texas,5178
Real Texas,2971
Starr Texas,62439
Van Zandt Texas,53198
Henderson Texas,81424
Walker Texas,70544
Palo Pinto Texas,29120
Jackson Texas,14434
Terrell Texas,975
Victoria Texas,90968
Montgomery Texas,517804
Robertson Texas,16848
Andrews Texas,16794
Webb Texas,268062
Zapata Texas,14413
Jim Wells Texas,42615
Navarro Texas,49722
Jones Texas,20113
Bowie Texas,95645
Kimble Texas,4587
Dawson Texas,13883
Guadalupe Texas,146635
Collin Texas,877490
Wichita Texas,133541
Tom Green Texas,114942
Winkler Texas,7604
Lamar Texas,49809
Eastland Texas,19030
McMullen Texas,763
San Patricio Texas,65963
Nacogdoches Texas,66894
Jim Hogg Texas,5386
Trinity Texas,15383
Hidalgo Texas,838596
King Texas,291
Franklin Texas,11086
Chambers Texas,42992
Ector Texas,153682
Frio Texas,18126
Madison Texas,14127
Comal Texas,124803
Kendall Texas,40804
Sutton Texas,4126
Rains Texas,11771
Hamilton Texas,8499
Red River Texas,12632
Delta Texas,5576
Houston Texas,23729
Coryell Texas,78311
Bandera Texas,20950
Live Oak Texas,12307
Schleicher Texas,3442
Reeves Texas,14563
Upton Texas,3363
Throckmorton Texas,1622
Cooke Texas,39813
Hardeman Texas,4092
Rockwall Texas,88686
Coke Texas,3304
Grayson Texas,124519
Crane Texas,4790
Hays Texas,188890
Aransas Texas,24687
Harris Texas,4399468
Atascosa Texas,48175
Johnson Texas,160881
Shackelford Texas,3457
Somervell Texas,8939
Culberson Texas,2311
Limestone Texas,24076
Hunt Texas,89839
Ward Texas,11252
Garza Texas,6133
Dallas Texas,2476350
Blanco Texas,11032
Montague Texas,20237
Travis Texas,1126530
Concho Texas,3995
Crockett Texas,3689
La Salle Texas,7402
Willacy Texas,23747
Clay Texas,11012
Gillespie Texas,25859
Fort Bend Texas,687980
Reagan Texas,3511
Scurry Texas,17686
Wilbarger Texas,13557
Kent Texas,839
Haskell Texas,6033
Fannin Texas,34859
Bexar Texas,1841119
Hopkins Texas,36802
Maverick Texas,56836
Washington Texas,34820
Anderson Texas,58347
Grimes Texas,27871
Val Verde Texas,49014
Brazoria Texas,336631
Burleson Texas,18579
Burnet Texas,45915
Newton Texas,14521
Kaufman Texas,111164
Medina Texas,48456
Waller Texas,47622
Sabine Texas,10847
Tarrant Texas,1923620
Pecos Texas,15719
Brewster Texas,9394
Caldwell Texas,39063
Crosby Texas,6067
Roberts Texas,947
Carson Texas,6054
Hemphill Texas,4123
Sherman Texas,3057
Hutchinson Texas,22418
Gray Texas,23349
Panola Texas,24846
Bailey Texas,7272
Harrison Texas,68461
Morris Texas,12956
Lipscomb Texas,3408
Randall Texas,129723
Lubbock Texas,293922
Shelby Texas,26910
Moore Texas,22531
Cochran Texas,3079
Parmer Texas,10156
Gaines Texas,19747
Cass Texas,31147
Hale Texas,35720
Deaf Smith Texas,19182
Marion Texas,10659
Gregg Texas,127333
Castro Texas,8117
Wheeler Texas,5783
Oldham Texas,2071
Upshur Texas,40940
Lamb Texas,13780
Swisher Texas,7761
Camp Texas,12010
Ochiltree Texas,10727
Terry Texas,12868
Hockley Texas,23475
Hartley Texas,6217
Yoakum Texas,8148
Dallam Texas,7323
Lynn Texas,5850
Hansford Texas,5721
Floyd Texas,6293
Potter Texas,124549
Tyler Texas,22133
Liberty Texas,80761
Brazos Texas,207742
San Jacinto Texas,27271
Hardin Texas,58010
Jasper Texas,36633
Orange Texas,84870
Jefferson Texas,256762
Polk Texas,47614
El Paso Texas,852342
Hudspeth Texas,3467
Beaver Utah,6621
Box Elder Utah,52407
Cache Utah,120623
Carbon Utah,21050
Daggett Utah,1064
Davis Utah,324600
Duchesne Utah,20785
Emery Utah,10862
Garfield Utah,5142
Grand Utah,10016
Iron Utah,47945
Juab Utah,10564
Kane Utah,7317
Millard Utah,12759
Morgan Utah,11000
Piute Utah,1559
Rich Utah,2210
Salt Lake Utah,1091273
San Juan Utah,15131
Sanpete Utah,28774
Sevier Utah,20826
Summit Utah,39319
Tooele Utah,63299
Uintah Utah,37440
Utah Utah,562664
Wasatch Utah,28533
Washington Utah,153241
Wayne Utah,2800
Weber Utah,244539
Franklin Vermont,49038
Chittenden Vermont,162063
Grand Isle Vermont,7070
Addison Vermont,38162
Windsor Vermont,59467
Orleans Vermont,27587
Caledonia Vermont,31961
Windham Vermont,43942
Rutland Vermont,62135
Essex Vermont,6618
Bennington Vermont,37940
Lamoille Vermont,25729
Washington Vermont,59872
Orange Vermont,29293
Accomack Virginia,33408
Northampton Virginia,12282
Harrisonburg Virginia,53251
Salem Virginia,16860
Louisa Virginia,36368
Lynchburg Virginia,77629
Shenandoah Virginia,43881
Floyd Virginia,15534
Waynesboro Virginia,19212
Roanoke Virginia,201215
Patrick Virginia,18773
Galax Virginia,6904
Appomattox Virginia,15999
Pulaski Virginia,35661
Martinsville Virginia,13699
Goochland Virginia,47301
Craig Virginia,5293
Pittsylvania Virginia,69540
Henry Virginia,54289
Buckingham Virginia,17356
Fluvanna Virginia,26561
Cumberland Virginia,9892
Smyth Virginia,32293
Danville Virginia,40361
Nelson Virginia,14496
Rockbridge Virginia,23482
Wythe Virginia,29566
Grayson Virginia,15415
Halifax Virginia,35980
Carroll Virginia,30581
Page Virginia,23882
Frederick Virginia,84161
Bland Virginia,6700
Campbell Virginia,56993
Winchester Virginia,26756
Giles Virginia,17656
Greene Virginia,19656
Staunton Virginia,23255
Rockingham Virginia,77477
Tazewell Virginia,46615
Radford Virginia,17679
Augusta Virginia,79661
Bedford Virginia,74656
Montgomery Virginia,96967
Highland Virginia,2336
Franklin Virginia,64315
Russell Virginia,29424
Albemarle Virginia,115409
Scott Virginia,22855
Washington Virginia,55497
Botetourt Virginia,33824
Warren Virginia,38646
Dickenson Virginia,15782
Buchanan Virginia,25301
Amherst Virginia,33496
Bristol Virginia,17567
Lee Virginia,26818
Norton Virginia,3298
Wise Virginia,42405
Mathews Virginia,8927
Clarke Virginia,14391
Buena Vista Virginia,6286
Madison Virginia,13995
Hopewell Virginia,22114
Mecklenburg Virginia,32200
Nottoway Virginia,16279
Sussex Virginia,12315
Charlottesville Virginia,35417
Falls Church Virginia,12986
Newport News Virginia,189997
Poquoson Virginia,11517
Suffolk Virginia,87530
Emporia Virginia,5598
Alexandria Virginia,118935
Richmond Virginia,226419
Lunenburg Virginia,12879
Hampton Virginia,155782
Essex Virginia,11899
Powhatan Virginia,28268
King and Queen Virginia,7308
Charles City Virginia,8460
Culpeper Virginia,48494
Spotsylvania Virginia,127246
Loudoun Virginia,364896
Isle of Wight Virginia,36134
Fredericksburg Virginia,28354
Williamsburg Virginia,14976
Colonial Heights Virginia,16051
Lexington Virginia,7083
Northumberland Virginia,12171
Chesapeake Virginia,243831
Prince William Virginia,443461
Stafford Virginia,140333
Portsmouth Virginia,93067
Prince Edward Virginia,23775
Brunswick Virginia,17612
Greensville Virginia,12250
Bath Virginia,4848
Caroline Virginia,29665
Middlesex Virginia,11610
Henrico Virginia,298496
Manassas Park Virginia,12605
New Kent Virginia,19491
Rappahannock Virginia,8056
Virginia Beach Virginia,440889
Orange Virginia,34460
Gloucester Virginia,38211
Lancaster Virginia,12015
Manassas Virginia,32689
Alleghany Virginia,16495
Charlotte Virginia,12774
Surry Virginia,7056
Fairfax Virginia,1150953
Westmoreland Virginia,16012
Dinwiddie Virginia,28242
Norfolk Virginia,231440
York Virginia,61985
Amelia Virginia,13013
Covington Virginia,5705
Arlington Virginia,230899
James City Virginia,73009
King George Virginia,23697
Southampton Virginia,18946
Prince George Virginia,39437
King William Virginia,16935
Hanover Virginia,105259
Petersburg Virginia,31078
Fauquier Virginia,68059
Chesterfield Virginia,328503
Adams Washington,19775
Asotin Washington,21245
Benton Washington,191737
Chelan Washington,74634
Clallam Washington,72232
Clark Washington,446774
Columbia Washington,4108
Cowlitz Washington,103736
Douglas Washington,41869
Ferry Washington,7565
Franklin Washington,86780
Garfield Washington,2261
Grant Washington,92693
Grays Harbor Washington,72011
Island Washington,77904
Jefferson Washington,29627
King Washington,2049922
Kitsap Washington,254954
Kittitas Washington,42580
Klickitat Washington,21298
Lewis Washington,75691
Lincoln Washington,10425
Mason Washington,61209
Okanogan Washington,40184
Pacific Washington,20164
Pend Oreille Washington,12950
Pierce Washington,832180
San Juan Washington,16121
Skagit Washington,117439
Skamania Washington,11038
Snohomish Washington,751014
Spokane Washington,489760
Stevens Washington,42316
Thurston Washington,260135
Wahkiakum Washington,4049
Walla Walla Washington,60024
Whatcom Washington,205745
Whitman Washington,47229
Yakima Washington,250080
Brooke West Virginia,31586
Calhoun West Virginia,7844
Webster West Virginia,8972
Fayette West Virginia,46390
Nicholas West Virginia,26496
Berkeley West Virginia,111993
Ohio West Virginia,47549
Monongalia West Virginia,103143
Clay West Virginia,9472
Tucker West Virginia,7132
Taylor West Virginia,16426
Grant West Virginia,12108
Braxton West Virginia,14644
Lincoln West Virginia,22012
Mason West Virginia,30510
Summers West Virginia,13682
Marshall West Virginia,35034
Mineral West Virginia,28996
Pleasants West Virginia,8664
Ritchie West Virginia,9957
Wood West Virginia,88234
Jackson West Virginia,30489
Marion West Virginia,58104
Harrison West Virginia,70636
Jefferson West Virginia,57095
McDowell West Virginia,23148
Doddridge West Virginia,8491
Hancock West Virginia,33215
Monroe West Virginia,14001
Raleigh West Virginia,81205
Mingo West Virginia,23682
Pocahontas West Virginia,8799
Mercer West Virginia,62966
Tyler West Virginia,10700
Cabell West Virginia,96635
Preston West Virginia,35073
Hampshire West Virginia,25419
Barbour West Virginia,17478
Hardy West Virginia,14608
Logan West Virginia,37047
Wayne West Virginia,46459
Lewis West Virginia,16620
Roane West Virginia,14885
Putnam West Virginia,58538
Boone West Virginia,25042
Wirt West Virginia,5836
Upshur West Virginia,24863
Wyoming West Virginia,23307
Greenbrier West Virginia,36818
Randolph West Virginia,29768
Morgan West Virginia,16462
Pendleton West Virginia,7813
Wetzel West Virginia,14176
Gilmer West Virginia,8822
Kanawha West Virginia,192816
Rock Wisconsin,160162
Portage Wisconsin,71601
Dodge Wisconsin,89572
Juneau Wisconsin,27161
Vilas Wisconsin,21712
Oneida Wisconsin,35999
Lincoln Wisconsin,29005
Wood Wisconsin,74508
Outagamie Wisconsin,182521
Columbia Wisconsin,57460
Crawford Wisconsin,16655
Marinette Wisconsin,41429
Taylor Wisconsin,20777
Adams Wisconsin,20957
Calumet Wisconsin,49682
Walworth Wisconsin,102940
Waushara Wisconsin,24682
Florence Wisconsin,5688
Forest Wisconsin,9304
Monroe Wisconsin,45668
Lafayette Wisconsin,16997
Langlade Wisconsin,19493
Green Wisconsin,36879
Jefferson Wisconsin,82932
Marquette Wisconsin,15265
Richland Wisconsin,17813
Sheboygan Wisconsin,114761
Green Lake Wisconsin,19031
Dane Wisconsin,508257
Marathon Wisconsin,134887
Fond du Lac Wisconsin,102814
Menominee Wisconsin,4174
Sauk Wisconsin,62816
Oconto Wisconsin,37983
Winnebago Wisconsin,168819
Waupaca Wisconsin,52203
Kenosha Wisconsin,167908
Manitowoc Wisconsin,79895
Iowa Wisconsin,23749
Shawano Wisconsin,42084
Grant Wisconsin,52417
Door Wisconsin,27967
Brown Wisconsin,254511
Kewaunee Wisconsin,20570
Barron Wisconsin,46122
La Crosse Wisconsin,116485
Iron Wisconsin,5721
Buffalo Wisconsin,13454
Chippewa Wisconsin,64001
Sawyer Wisconsin,16605
Dunn Wisconsin,44038
Trempealeau Wisconsin,30089
Washburn Wisconsin,15856
Ashland Wisconsin,14257
Pepin Wisconsin,7475
Eau Claire Wisconsin,100510
St. Croix Wisconsin,86711
Price Wisconsin,13814
Bayfield Wisconsin,14717
Rusk Wisconsin,14511
Pierce Wisconsin,37334
Jackson Wisconsin,20772
Polk Wisconsin,44066
Vernon Wisconsin,30313
Burnett Wisconsin,15553
Douglas Wisconsin,44041
Clark Wisconsin,34891
Washington Wisconsin,134378
Racine Wisconsin,193535
Waukesha Wisconsin,395380
Ozaukee Wisconsin,87773
Milwaukee Wisconsin,926765
Sheridan Wyoming,30369
Albany Wyoming,37890
Big Horn Wyoming,11836
Campbell Wyoming,50266
Carbon Wyoming,15747
Converse Wyoming,14703
Crook Wyoming,7270
Fremont Wyoming,41124
Goshen Wyoming,13481
Hot Springs Wyoming,4864
Johnson Wyoming,8749
Laramie Wyoming,96337
Lincoln Wyoming,18671
Natrona Wyoming,82095
Niobrara Wyoming,2523
Park Wyoming,30067
Platte Wyoming,8922
Sublette Wyoming,10522
Sweetwater Wyoming,46488
Teton Wyoming,22523
Uinta Wyoming,21690
Washakie Wyoming,8639
Weston Wyoming,7356
